ensemble,Î”x,compressor,metric,n,mean_direct,p_value_vs_0,outlier_frac_>2sd
blobs40,0.001,bz2,r_PhI,50,0.2961557293094818,1.5561113722693442e-12,0.02
blobs40,0.001,bz2,r_PhIIa,50,-0.9874005530401968,4.774927490500797e-118,0.06
blobs40,0.001,bz2,r_PhIIb,50,-0.9860283085845318,1.816512416979177e-114,0.02
blobs40,0.001,bz2,r_Rg,50,0.9834660436151875,9.835781801117312e-109,0.04
blobs40,0.001,bz2,r_NND,50,0.9677709332175738,2.358704278765563e-90,0.08
blobs40,0.001,bz2,r_Var,50,0.968053370496106,5.039620894846365e-89,0.02
blobs40,0.001,gzip,r_PhI,50,0.40804224849829035,9.500284988256309e-14,0.02
blobs40,0.001,gzip,r_PhIIa,50,-0.9931745523771234,2.877840442780842e-128,0.08
blobs40,0.001,gzip,r_PhIIb,50,-0.991885202598054,5.504780641787607e-113,0.02
blobs40,0.001,gzip,r_Rg,50,0.9866816609617836,2.62064084407399e-109,0.04
blobs40,0.001,gzip,r_NND,50,0.9684516926426737,5.7951037609545485e-89,0.08
blobs40,0.001,gzip,r_Var,50,0.9689092605009055,7.660445757891382e-88,0.04
blobs40,0.001,lzma,r_PhI,50,0.21957209064012853,3.193149156048995e-06,0.02
blobs40,0.001,lzma,r_PhIIa,50,-0.9852671800609383,5.5443371752004366e-98,0.02
blobs40,0.001,lzma,r_PhIIb,50,-0.9668672989526716,5.692256831794305e-88,0.08
blobs40,0.001,lzma,r_Rg,50,0.9789390367862915,1.5381412415030267e-97,0.08
blobs40,0.001,lzma,r_NND,50,0.9610575798219724,2.443579536786177e-87,0.06
blobs40,0.001,lzma,r_Var,50,0.9613706445508783,1.9454240362342442e-85,0.06
blobs40,0.001,none,r_PhI,50,0.0,,0.0
blobs40,0.001,none,r_PhIIa,50,0.0,,0.0
blobs40,0.001,none,r_PhIIb,50,0.0,,0.0
blobs40,0.001,none,r_Rg,50,0.0,,0.0
blobs40,0.001,none,r_NND,50,0.0,,0.0
blobs40,0.001,none,r_Var,50,0.0,,0.0
blobs40,0.001,zstd,r_PhI,50,0.19009575627518335,6.533884228539367e-05,0.02
blobs40,0.001,zstd,r_PhIIa,50,-0.9939604008144866,2.7228548008364837e-134,0.04
blobs40,0.001,zstd,r_PhIIb,50,-0.9940071574678658,2.4266255693626172e-135,0.02
blobs40,0.001,zstd,r_Rg,50,0.9875965604741139,1.7004911090572196e-113,0.02
blobs40,0.001,zstd,r_NND,50,0.9691954854433961,3.0759445762347783e-90,0.04
blobs40,0.001,zstd,r_Var,50,0.9699036651362078,2.5649246626618618e-90,0.04
blobs40,0.01,bz2,r_PhI,50,0.2961557293094818,1.5561113722693442e-12,0.02
blobs40,0.01,bz2,r_PhIIa,50,-0.9745238908302958,6.816943278717872e-104,0.0
blobs40,0.01,bz2,r_PhIIb,50,-0.974626455844837,3.4072222965937566e-103,0.06
blobs40,0.01,bz2,r_Rg,50,0.9696547448427857,1.025883670184563e-97,0.02
blobs40,0.01,bz2,r_NND,50,0.9533160302388264,3.615531849761245e-86,0.04
blobs40,0.01,bz2,r_Var,50,0.9535399054574499,3.2921006618377314e-85,0.04
blobs40,0.01,gzip,r_PhI,50,0.40804224849829035,9.500284988256309e-14,0.02
blobs40,0.01,gzip,r_PhIIa,50,-0.9918789046049866,1.5086772064190198e-107,0.08
blobs40,0.01,gzip,r_PhIIb,50,-0.9910075752561249,5.3180005606963865e-108,0.04
blobs40,0.01,gzip,r_Rg,50,0.9891456194526763,1.0120579905881234e-106,0.08
blobs40,0.01,gzip,r_NND,50,0.9743407769131851,4.1289567993592433e-91,0.04
blobs40,0.01,gzip,r_Var,50,0.9747387673789195,7.031650121984386e-91,0.04
blobs40,0.01,lzma,r_PhI,50,0.21957209064012853,3.193149156048995e-06,0.02
blobs40,0.01,lzma,r_PhIIa,50,-0.9900871036206255,2.6589138974935864e-114,0.06
blobs40,0.01,lzma,r_PhIIb,50,-0.9840056833187778,2.5997707669104176e-111,0.02
blobs40,0.01,lzma,r_Rg,50,0.9867983861176104,2.6156841690639553e-107,0.06
blobs40,0.01,lzma,r_NND,50,0.9716928370044016,1.1223564358055122e-88,0.04
blobs40,0.01,lzma,r_Var,50,0.9718942794266223,5.4523790575544e-89,0.04
blobs40,0.01,none,r_PhI,50,0.0,,0.0
blobs40,0.01,none,r_PhIIa,50,0.0,,0.0
blobs40,0.01,none,r_PhIIb,50,0.0,,0.0
blobs40,0.01,none,r_Rg,50,0.0,,0.0
blobs40,0.01,none,r_NND,50,0.0,,0.0
blobs40,0.01,none,r_Var,50,0.0,,0.0
blobs40,0.01,zstd,r_PhI,50,0.19009575627518335,6.533884228539367e-05,0.02
blobs40,0.01,zstd,r_PhIIa,50,-0.9955660637279312,6.215574084154749e-137,0.04
blobs40,0.01,zstd,r_PhIIb,50,-0.9955766281202,7.281088381670077e-138,0.06
blobs40,0.01,zstd,r_Rg,50,0.991558230217492,2.618472528558674e-116,0.04
blobs40,0.01,zstd,r_NND,50,0.9754740279011626,2.826997258224769e-93,0.02
blobs40,0.01,zstd,r_Var,50,0.9760282162657543,1.361275582588525e-91,0.04
blobs40,0.1,bz2,r_PhI,50,0.2961557293094818,1.5561113722693442e-12,0.02
blobs40,0.1,bz2,r_PhIIa,50,-0.9933424291994626,7.418256269185272e-130,0.02
blobs40,0.1,bz2,r_PhIIb,50,-0.9928204609738597,1.7897160156705715e-126,0.04
blobs40,0.1,bz2,r_Rg,50,0.9879280337291886,1.1523867132789154e-108,0.04
blobs40,0.1,bz2,r_NND,50,0.9707489837236344,1.644929235676418e-89,0.04
blobs40,0.1,bz2,r_Var,50,0.9711794508856567,6.68347300888356e-87,0.02
blobs40,0.1,gzip,r_PhI,50,0.40804224849829035,9.500284988256309e-14,0.02
blobs40,0.1,gzip,r_PhIIa,50,-0.997423418318146,2.7196206710314672e-148,0.04
blobs40,0.1,gzip,r_PhIIb,50,-0.9968959749688854,5.3431322131614935e-145,0.02
blobs40,0.1,gzip,r_Rg,50,0.9910926652460854,2.9641482340715485e-114,0.02
blobs40,0.1,gzip,r_NND,50,0.9729463346426515,7.258505981639687e-92,0.04
blobs40,0.1,gzip,r_Var,50,0.973405885960584,1.2232795741701297e-89,0.04
blobs40,0.1,lzma,r_PhI,50,0.21957209064012853,3.193149156048995e-06,0.02
blobs40,0.1,lzma,r_PhIIa,50,-0.985151272391364,4.692964812885546e-107,0.06
blobs40,0.1,lzma,r_PhIIb,50,-0.9805929422072769,2.1260316789529913e-109,0.06
blobs40,0.1,lzma,r_Rg,50,0.9787379644957762,3.86542014839338e-98,0.04
blobs40,0.1,lzma,r_NND,50,0.9604686477091056,1.882574393350897e-83,0.02
blobs40,0.1,lzma,r_Var,50,0.9611543433441845,7.064538680373376e-82,0.02
blobs40,0.1,none,r_PhI,50,0.0,,0.0
blobs40,0.1,none,r_PhIIa,50,0.0,,0.0
blobs40,0.1,none,r_PhIIb,50,0.0,,0.0
blobs40,0.1,none,r_Rg,50,0.0,,0.0
blobs40,0.1,none,r_NND,50,0.0,,0.0
blobs40,0.1,none,r_Var,50,0.0,,0.0
blobs40,0.1,zstd,r_PhI,50,0.19009575627518335,6.533884228539367e-05,0.02
blobs40,0.1,zstd,r_PhIIa,50,-0.9984003695940354,2.2479331141065138e-157,0.02
blobs40,0.1,zstd,r_PhIIb,50,-0.9979727021216075,1.526152812022647e-155,0.02
blobs40,0.1,zstd,r_Rg,50,0.9909764787183046,1.9810383182264562e-112,0.02
blobs40,0.1,zstd,r_NND,50,0.9717678188294336,2.8732257648223263e-89,0.06
blobs40,0.1,zstd,r_Var,50,0.9722912801727652,4.7542445934890826e-88,0.04
lattice40,0.001,bz2,r_PhI,50,0.7291366903772771,4.81035899324659e-44,0.04
lattice40,0.001,bz2,r_PhIIa,50,-0.9089190599733789,4.066556878696116e-79,0.06
lattice40,0.001,bz2,r_PhIIb,50,-0.9044260237754955,1.4223602557919709e-77,0.06
lattice40,0.001,bz2,r_Rg,50,0.9030818029954021,2.564764765810843e-80,0.08
lattice40,0.001,bz2,r_NND,50,0.8971207319319237,1.0361515352115732e-79,0.08
lattice40,0.001,bz2,r_Var,50,0.7858327773526942,1.19540393711952e-70,0.02
lattice40,0.001,gzip,r_PhI,50,0.5555828020167738,1.0047366545033323e-31,0.06
lattice40,0.001,gzip,r_PhIIa,50,-0.8318259549078444,1.6555948496602685e-72,0.02
lattice40,0.001,gzip,r_PhIIb,50,-0.8422810862579289,1.5817964593355132e-71,0.04
lattice40,0.001,gzip,r_Rg,50,0.9200287577567445,2.7718907968904984e-78,0.04
lattice40,0.001,gzip,r_NND,50,0.9162918286818964,7.724029420605518e-78,0.04
lattice40,0.001,gzip,r_Var,50,0.8407072521208224,3.725343186250648e-68,0.04
lattice40,0.001,lzma,r_PhI,50,0.5331623242276329,2.4069608789155837e-25,0.04
lattice40,0.001,lzma,r_PhIIa,50,-0.9687825239014299,3.407504090677856e-88,0.02
lattice40,0.001,lzma,r_PhIIb,50,-0.9524061438517468,2.742215842632851e-88,0.02
lattice40,0.001,lzma,r_Rg,50,0.7516061996184424,2.998032506061198e-63,0.06
lattice40,0.001,lzma,r_NND,50,0.7409423896282192,2.0860960235682753e-62,0.06
lattice40,0.001,lzma,r_Var,50,0.5754573430410795,8.764196563276434e-53,0.06
lattice40,0.001,none,r_PhI,50,0.0,,0.0
lattice40,0.001,none,r_PhIIa,50,0.0,,0.0
lattice40,0.001,none,r_PhIIb,50,0.0,,0.0
lattice40,0.001,none,r_Rg,50,0.0,,0.0
lattice40,0.001,none,r_NND,50,0.0,,0.0
lattice40,0.001,none,r_Var,50,0.0,,0.0
lattice40,0.001,zstd,r_PhI,50,0.1330010972816431,0.006986855042768595,0.02
lattice40,0.001,zstd,r_PhIIa,50,-0.9724186230507901,5.90772194595099e-102,0.02
lattice40,0.001,zstd,r_PhIIb,50,-0.9724416984757737,7.696581167124037e-102,0.04
lattice40,0.001,zstd,r_Rg,50,0.8488266647788352,6.717934530371781e-79,0.06
lattice40,0.001,zstd,r_NND,50,0.8401162668300981,4.432073122043871e-78,0.06
lattice40,0.001,zstd,r_Var,50,0.6912371996303754,1.1615967601755652e-67,0.08
lattice40,0.01,bz2,r_PhI,50,0.7291366903772771,4.81035899324659e-44,0.04
lattice40,0.01,bz2,r_PhIIa,50,-0.9492703532676784,2.0421073796619905e-93,0.02
lattice40,0.01,bz2,r_PhIIb,50,-0.9507145178238035,6.579845777090182e-95,0.02
lattice40,0.01,bz2,r_Rg,50,0.878748005681389,6.222691279654167e-85,0.04
lattice40,0.01,bz2,r_NND,50,0.8712130811059231,1.6708261614685815e-84,0.04
lattice40,0.01,bz2,r_Var,50,0.737851062661035,1.5018183857800825e-72,0.04
lattice40,0.01,gzip,r_PhI,50,0.5555828020167738,1.0047366545033323e-31,0.06
lattice40,0.01,gzip,r_PhIIa,50,-0.9902720940330195,1.983249738089748e-119,0.04
lattice40,0.01,gzip,r_PhIIb,50,-0.9878980659551222,2.1512290301193104e-120,0.02
lattice40,0.01,gzip,r_Rg,50,0.8083332910394522,2.0266988156106095e-85,0.04
lattice40,0.01,gzip,r_NND,50,0.7983098622073799,4.4762226288394747e-85,0.04
lattice40,0.01,gzip,r_Var,50,0.6363683676952665,2.486716244572686e-74,0.08
lattice40,0.01,lzma,r_PhI,50,0.5331623242276329,2.4069608789155837e-25,0.04
lattice40,0.01,lzma,r_PhIIa,50,-0.8538901560460013,5.249312397733388e-76,0.08
lattice40,0.01,lzma,r_PhIIb,50,-0.9359010719071508,1.4922003157839012e-88,0.04
lattice40,0.01,lzma,r_Rg,50,0.9399086099833829,5.9400191131562155e-84,0.06
lattice40,0.01,lzma,r_NND,50,0.9362037186383649,2.3213093190736712e-83,0.06
lattice40,0.01,lzma,r_Var,50,0.8488972958150542,1.7849181745885909e-71,0.04
lattice40,0.01,none,r_PhI,50,0.0,,0.0
lattice40,0.01,none,r_PhIIa,50,0.0,,0.0
lattice40,0.01,none,r_PhIIb,50,0.0,,0.0
lattice40,0.01,none,r_Rg,50,0.0,,0.0
lattice40,0.01,none,r_NND,50,0.0,,0.0
lattice40,0.01,none,r_Var,50,0.0,,0.0
lattice40,0.01,zstd,r_PhI,50,0.1330010972816431,0.006986855042768595,0.02
lattice40,0.01,zstd,r_PhIIa,50,-0.9870593966438054,3.600836519499047e-114,0.02
lattice40,0.01,zstd,r_PhIIb,50,-0.9875290396013852,4.502890844931621e-117,0.04
lattice40,0.01,zstd,r_Rg,50,0.8130501040376227,1.2069379606233954e-84,0.02
lattice40,0.01,zstd,r_NND,50,0.8032668331687906,2.5790915392694493e-83,0.04
lattice40,0.01,zstd,r_Var,50,0.6404576023148505,4.814099129624434e-74,0.02
lattice40,0.1,bz2,r_PhI,50,0.7291366903772771,4.81035899324659e-44,0.04
lattice40,0.1,bz2,r_PhIIa,50,-0.9547052377353644,8.378428094669236e-95,0.04
lattice40,0.1,bz2,r_PhIIb,50,-0.9562678032915423,1.8554254890995381e-93,0.04
lattice40,0.1,bz2,r_Rg,50,0.8988590301909896,1.5391921554342995e-84,0.0
lattice40,0.1,bz2,r_NND,50,0.8915238481821639,7.91870024006709e-83,0.04
lattice40,0.1,bz2,r_Var,50,0.7597590487918826,7.94122309698016e-72,0.02
lattice40,0.1,gzip,r_PhI,50,0.5555828020167738,1.0047366545033323e-31,0.06
lattice40,0.1,gzip,r_PhIIa,50,-0.9568907983862676,1.3123400857231849e-97,0.04
lattice40,0.1,gzip,r_PhIIb,50,-0.9593083924216884,4.9933152953352865e-99,0.06
lattice40,0.1,gzip,r_Rg,50,0.9017852698233959,1.3889313413979744e-86,0.06
lattice40,0.1,gzip,r_NND,50,0.8945002488587579,1.9258257921570017e-85,0.06
lattice40,0.1,gzip,r_Var,50,0.762574279591614,1.658974197567342e-74,0.06
lattice40,0.1,lzma,r_PhI,50,0.5331623242276329,2.4069608789155837e-25,0.04
lattice40,0.1,lzma,r_PhIIa,50,-0.9852899786835269,1.6592864523952415e-109,0.04
lattice40,0.1,lzma,r_PhIIb,50,-0.988316144958924,1.2099592449197835e-118,0.06
lattice40,0.1,lzma,r_Rg,50,0.7306124313335498,3.0596809535853045e-66,0.04
lattice40,0.1,lzma,r_NND,50,0.719076376195969,2.9941691045771143e-65,0.04
lattice40,0.1,lzma,r_Var,50,0.5434771756798573,2.466315728201626e-55,0.04
lattice40,0.1,none,r_PhI,50,0.0,,0.0
lattice40,0.1,none,r_PhIIa,50,0.0,,0.0
lattice40,0.1,none,r_PhIIb,50,0.0,,0.0
lattice40,0.1,none,r_Rg,50,0.0,,0.0
lattice40,0.1,none,r_NND,50,0.0,,0.0
lattice40,0.1,none,r_Var,50,0.0,,0.0
lattice40,0.1,zstd,r_PhI,50,0.1330010972816431,0.006986855042768595,0.02
lattice40,0.1,zstd,r_PhIIa,50,-0.9570184310922736,2.6046533097776838e-95,0.02
lattice40,0.1,zstd,r_PhIIb,50,-0.9474085473392673,8.371495010255906e-89,0.06
lattice40,0.1,zstd,r_Rg,50,0.8906283012951635,3.770832378813344e-83,0.06
lattice40,0.1,zstd,r_NND,50,0.8830744739416728,5.948026164568769e-82,0.06
lattice40,0.1,zstd,r_Var,50,0.7479717013631046,3.525882363090668e-70,0.04
uniform40,0.001,bz2,r_PhI,50,0.3235941780148632,3.3403233545234386e-14,0.08
uniform40,0.001,bz2,r_PhIIa,50,-0.9579468579886478,5.591870840236033e-93,0.04
uniform40,0.001,bz2,r_PhIIb,50,-0.9574031590161401,4.64451112188714e-92,0.06
uniform40,0.001,bz2,r_Rg,50,0.8987944731050795,8.499991345385379e-79,0.02
uniform40,0.001,bz2,r_NND,50,0.8693811925418268,2.2401442376732005e-75,0.04
uniform40,0.001,bz2,r_Var,50,0.7512628815724659,2.0858182940768729e-66,0.02
uniform40,0.001,gzip,r_PhI,50,0.4281328138323065,2.255117172666963e-18,0.02
uniform40,0.001,gzip,r_PhIIa,50,-0.9458916979610124,2.479920525962854e-85,0.02
uniform40,0.001,gzip,r_PhIIb,50,-0.947809211297987,2.7284258935401695e-87,0.04
uniform40,0.001,gzip,r_Rg,50,0.8341283980163403,6.7447711708786426e-65,0.02
uniform40,0.001,gzip,r_NND,50,0.8012132929690263,1.5215150067034551e-62,0.02
uniform40,0.001,gzip,r_Var,50,0.6679196786096054,2.0274381486900898e-52,0.02
uniform40,0.001,lzma,r_PhI,50,0.4293615701947547,6.5260559456139565e-18,0.04
uniform40,0.001,lzma,r_PhIIa,50,-0.9707640083950857,2.1559306371831292e-88,0.02
uniform40,0.001,lzma,r_PhIIb,50,-0.9620016048209244,7.0455784411668e-90,0.02
uniform40,0.001,lzma,r_Rg,50,0.7737410225672273,1.9420339291503512e-59,0.02
uniform40,0.001,lzma,r_NND,50,0.7302414877239012,1.1617367448761324e-56,0.02
uniform40,0.001,lzma,r_Var,50,0.5777019213522069,1.107562826333781e-47,0.02
uniform40,0.001,none,r_PhI,50,0.0,,0.0
uniform40,0.001,none,r_PhIIa,50,0.0,,0.0
uniform40,0.001,none,r_PhIIb,50,0.0,,0.0
uniform40,0.001,none,r_Rg,50,0.0,,0.0
uniform40,0.001,none,r_NND,50,0.0,,0.0
uniform40,0.001,none,r_Var,50,0.0,,0.0
uniform40,0.001,zstd,r_PhI,50,0.20385050236602276,8.117638095341211e-06,0.06
uniform40,0.001,zstd,r_PhIIa,50,-0.9880152493056842,6.415752612746635e-113,0.02
uniform40,0.001,zstd,r_PhIIb,50,-0.9888007796091128,2.6573388626230825e-117,0.04
uniform40,0.001,zstd,r_Rg,50,0.8486845879484645,3.681994049703891e-77,0.04
uniform40,0.001,zstd,r_NND,50,0.8108670440803284,3.3839288480955347e-77,0.04
uniform40,0.001,zstd,r_Var,50,0.6696253711522282,1.5096903507194252e-65,0.06
uniform40,0.01,bz2,r_PhI,50,0.3235941780148632,3.3403233545234386e-14,0.08
uniform40,0.01,bz2,r_PhIIa,50,-0.9534961910940696,6.324623558580943e-94,0.0
uniform40,0.01,bz2,r_PhIIb,50,-0.9528962061388019,1.6077954306139624e-96,0.06
uniform40,0.01,bz2,r_Rg,50,0.9064866982182561,9.615678484081809e-82,0.06
uniform40,0.01,bz2,r_NND,50,0.8782766906882926,6.792458048618262e-76,0.02
uniform40,0.01,bz2,r_Var,50,0.7627390659487199,1.367338449464944e-68,0.02
uniform40,0.01,gzip,r_PhI,50,0.4281328138323065,2.255117172666963e-18,0.02
uniform40,0.01,gzip,r_PhIIa,50,-0.9807287302458566,7.582608419012936e-109,0.06
uniform40,0.01,gzip,r_PhIIb,50,-0.9786653560964413,2.020831581281629e-102,0.04
uniform40,0.01,gzip,r_Rg,50,0.8852992886083156,1.0558208845498011e-83,0.04
uniform40,0.01,gzip,r_NND,50,0.8514213895569285,4.067586877586492e-83,0.08
uniform40,0.01,gzip,r_Var,50,0.7242437440582907,4.0846106447468953e-72,0.04
uniform40,0.01,lzma,r_PhI,50,0.4293615701947547,6.5260559456139565e-18,0.04
uniform40,0.01,lzma,r_PhIIa,50,-0.9549991691622369,1.558281306228756e-92,0.02
uniform40,0.01,lzma,r_PhIIb,50,-0.9504885518556283,5.2173462556748046e-95,0.02
uniform40,0.01,lzma,r_Rg,50,0.9286976570445052,2.261502849980356e-86,0.04
uniform40,0.01,lzma,r_NND,50,0.902591352689517,9.154672281013401e-83,0.06
uniform40,0.01,lzma,r_Var,50,0.7928961439549278,1.2691913803618932e-72,0.04
uniform40,0.01,none,r_PhI,50,0.0,,0.0
uniform40,0.01,none,r_PhIIa,50,0.0,,0.0
uniform40,0.01,none,r_PhIIb,50,0.0,,0.0
uniform40,0.01,none,r_Rg,50,0.0,,0.0
uniform40,0.01,none,r_NND,50,0.0,,0.0
uniform40,0.01,none,r_Var,50,0.0,,0.0
uniform40,0.01,zstd,r_PhI,50,0.20385050236602276,8.117638095341211e-06,0.06
uniform40,0.01,zstd,r_PhIIa,50,-0.9908716207140145,1.5643925239234458e-123,0.04
uniform40,0.01,zstd,r_PhIIb,50,-0.9906262533693065,1.5913557363598256e-120,0.06
uniform40,0.01,zstd,r_Rg,50,0.8504351722661987,1.5206817499788658e-80,0.04
uniform40,0.01,zstd,r_NND,50,0.8116808938943627,2.0385474453150822e-79,0.02
uniform40,0.01,zstd,r_Var,50,0.6731244546085203,1.2964827111497501e-69,0.04
uniform40,0.1,bz2,r_PhI,50,0.3235941780148632,3.3403233545234386e-14,0.08
uniform40,0.1,bz2,r_PhIIa,50,-0.9896657679535581,5.785475412176677e-121,0.02
uniform40,0.1,bz2,r_PhIIb,50,-0.9894519542555312,1.408194593551889e-120,0.06
uniform40,0.1,bz2,r_Rg,50,0.8537091812787372,3.0792737833907213e-78,0.06
uniform40,0.1,bz2,r_NND,50,0.8160177013754756,2.5581620412261547e-76,0.06
uniform40,0.1,bz2,r_Var,50,0.6753514355903856,1.4979311339131077e-66,0.06
uniform40,0.1,gzip,r_PhI,50,0.4281328138323065,2.255117172666963e-18,0.02
uniform40,0.1,gzip,r_PhIIa,50,-0.9893519542498556,3.350443822281653e-118,0.06
uniform40,0.1,gzip,r_PhIIb,50,-0.988190415040525,2.1076567311513344e-122,0.04
uniform40,0.1,gzip,r_Rg,50,0.8717759053815489,3.4460574125142974e-82,0.04
uniform40,0.1,gzip,r_NND,50,0.835699112562796,6.4896689068294964e-80,0.02
uniform40,0.1,gzip,r_Var,50,0.7007742301551034,9.475717058778395e-71,0.02
uniform40,0.1,lzma,r_PhI,50,0.4293615701947547,6.5260559456139565e-18,0.04
uniform40,0.1,lzma,r_PhIIa,50,-0.9775480961076556,6.576459176870221e-104,0.04
uniform40,0.1,lzma,r_PhIIb,50,-0.9728008450106074,4.825183430846032e-100,0.04
uniform40,0.1,lzma,r_Rg,50,0.792859029267343,5.703360290937575e-65,0.06
uniform40,0.1,lzma,r_NND,50,0.7507897601237103,3.475117038139143e-63,0.06
uniform40,0.1,lzma,r_Var,50,0.5999216368013911,9.775197512756351e-54,0.08
uniform40,0.1,none,r_PhI,50,0.0,,0.0
uniform40,0.1,none,r_PhIIa,50,0.0,,0.0
uniform40,0.1,none,r_PhIIb,50,0.0,,0.0
uniform40,0.1,none,r_Rg,50,0.0,,0.0
uniform40,0.1,none,r_NND,50,0.0,,0.0
uniform40,0.1,none,r_Var,50,0.0,,0.0
uniform40,0.1,zstd,r_PhI,50,0.20385050236602276,8.117638095341211e-06,0.06
uniform40,0.1,zstd,r_PhIIa,50,-0.9953120105979558,4.5793385571656003e-119,0.04
uniform40,0.1,zstd,r_PhIIb,50,-0.9943084469360228,2.3026641329124915e-118,0.06
uniform40,0.1,zstd,r_Rg,50,0.8324081466626678,1.9947612568428445e-77,0.04
uniform40,0.1,zstd,r_NND,50,0.7920531173532588,5.886271679684838e-76,0.04
uniform40,0.1,zstd,r_Var,50,0.6438922820396894,1.2236224541840283e-66,0.06
uniform400,0.001,bz2,r_PhI,50,0.13889770127881354,0.0006253851388957546,0.06
uniform400,0.001,bz2,r_PhIIa,50,-0.998855312662879,4.929101264397133e-169,0.06
uniform400,0.001,bz2,r_PhIIb,50,-0.9989393263844962,2.1734019773443714e-177,0.04
uniform400,0.001,bz2,r_Rg,50,0.9964774190738553,1.8349517447533914e-148,0.06
uniform400,0.001,bz2,r_NND,50,0.9799991073455473,1.8446259284170274e-123,0.08
uniform400,0.001,bz2,r_Var,50,0.988365762685268,6.727259869410614e-130,0.04
uniform400,0.001,gzip,r_PhI,50,0.16396706964023303,2.5433316789818494e-05,0.02
uniform400,0.001,gzip,r_PhIIa,50,-0.9995863753779153,7.104337105142767e-193,0.02
uniform400,0.001,gzip,r_PhIIb,50,-0.9996037244468079,8.992149047342825e-190,0.06
uniform400,0.001,gzip,r_Rg,50,0.9975109393003295,3.276888470994494e-157,0.04
uniform400,0.001,gzip,r_NND,50,0.9814684938858284,1.0499359984228774e-126,0.04
uniform400,0.001,gzip,r_Var,50,0.9896901575464984,9.452599888713926e-136,0.06
uniform400,0.001,lzma,r_PhI,50,0.4357237897343327,2.045538547961942e-14,0.04
uniform400,0.001,lzma,r_PhIIa,50,-0.998264757247097,1.52426781307948e-114,0.02
uniform400,0.001,lzma,r_PhIIb,50,-0.9985297273855906,8.214541717293172e-137,0.04
uniform400,0.001,lzma,r_Rg,50,0.9951691135794668,1.7095884721371338e-110,0.02
uniform400,0.001,lzma,r_NND,50,0.9775375973559025,2.130789162541167e-103,0.02
uniform400,0.001,lzma,r_Var,50,0.9863659627444851,2.8014892499982883e-106,0.04
uniform400,0.001,none,r_PhI,50,0.0,,0.0
uniform400,0.001,none,r_PhIIa,50,0.0,,0.0
uniform400,0.001,none,r_PhIIb,50,0.0,,0.0
uniform400,0.001,none,r_Rg,50,0.0,,0.0
uniform400,0.001,none,r_NND,50,0.0,,0.0
uniform400,0.001,none,r_Var,50,0.0,,0.0
uniform400,0.001,zstd,r_PhI,50,0.12752127095188903,0.032347160160036206,0.04
uniform400,0.001,zstd,r_PhIIa,50,-0.9995915336037097,2.495850764520125e-194,0.04
uniform400,0.001,zstd,r_PhIIb,50,-0.9995920407999159,3.537481033579267e-192,0.06
uniform400,0.001,zstd,r_Rg,50,0.996529372612207,1.1040652556580063e-154,0.02
uniform400,0.001,zstd,r_NND,50,0.9789268931509733,7.133235142690117e-127,0.02
uniform400,0.001,zstd,r_Var,50,0.9877500199932956,5.2230857848407946e-135,0.02
uniform400,0.01,bz2,r_PhI,50,0.13889770127881354,0.0006253851388957546,0.06
uniform400,0.01,bz2,r_PhIIa,50,-0.997896417433748,4.436790494124059e-153,0.04
uniform400,0.01,bz2,r_PhIIb,50,-0.997919181843273,1.3521670571276675e-155,0.04
uniform400,0.01,bz2,r_Rg,50,0.9963196521842971,2.5638812037283124e-147,0.02
uniform400,0.01,bz2,r_NND,50,0.9810886197725401,4.934436197852354e-124,0.02
uniform400,0.01,bz2,r_Var,50,0.9889934908227798,3.7491079136077485e-131,0.06
uniform400,0.01,gzip,r_PhI,50,0.16396706964023303,2.5433316789818494e-05,0.02
uniform400,0.01,gzip,r_PhIIa,50,-0.9997527203434495,1.6560435382242608e-204,0.04
uniform400,0.01,gzip,r_PhIIb,50,-0.9997281382138301,1.4814869929645572e-201,0.02
uniform400,0.01,gzip,r_Rg,50,0.9976408129774376,5.347883731809546e-165,0.08
uniform400,0.01,gzip,r_NND,50,0.9815539397621964,9.435507551255734e-129,0.06
uniform400,0.01,gzip,r_Var,50,0.9897817786372519,3.3230463042337505e-139,0.08
uniform400,0.01,lzma,r_PhI,50,0.4357237897343327,2.045538547961942e-14,0.04
uniform400,0.01,lzma,r_PhIIa,50,-0.9995200584767597,2.826824463408612e-189,0.04
uniform400,0.01,lzma,r_PhIIb,50,-0.9995072161004672,3.7279310834768134e-190,0.06
uniform400,0.01,lzma,r_Rg,50,0.9971625582378755,1.9183212171997357e-159,0.04
uniform400,0.01,lzma,r_NND,50,0.9806768782703493,8.324867399654326e-129,0.02
uniform400,0.01,lzma,r_Var,50,0.9890675555191315,4.806826613394637e-138,0.04
uniform400,0.01,none,r_PhI,50,0.0,,0.0
uniform400,0.01,none,r_PhIIa,50,0.0,,0.0
uniform400,0.01,none,r_PhIIb,50,0.0,,0.0
uniform400,0.01,none,r_Rg,50,0.0,,0.0
uniform400,0.01,none,r_NND,50,0.0,,0.0
uniform400,0.01,none,r_Var,50,0.0,,0.0
uniform400,0.01,zstd,r_PhI,50,0.12752127095188903,0.032347160160036206,0.04
uniform400,0.01,zstd,r_PhIIa,50,-0.999574325567484,1.7812230064831794e-182,0.06
uniform400,0.01,zstd,r_PhIIb,50,-0.9995527211817816,1.6439082158240735e-182,0.02
uniform400,0.01,zstd,r_Rg,50,0.9975507320259589,3.5320662570549907e-162,0.04
uniform400,0.01,zstd,r_NND,50,0.9815802858218591,7.777277143254133e-129,0.02
uniform400,0.01,zstd,r_Var,50,0.989779532853749,1.0544487260262229e-139,0.02
uniform400,0.1,bz2,r_PhI,50,0.13889770127881354,0.0006253851388957546,0.06
uniform400,0.1,bz2,r_PhIIa,50,-0.9980552993753503,1.5305203177722435e-152,0.06
uniform400,0.1,bz2,r_PhIIb,50,-0.9980901463252274,1.8233089255140433e-153,0.04
uniform400,0.1,bz2,r_Rg,50,0.9962025633847876,2.378332959607861e-138,0.02
uniform400,0.1,bz2,r_NND,50,0.9805087913650102,2.9413191687792565e-113,0.0
uniform400,0.1,bz2,r_Var,50,0.9886049758912334,1.020284215203863e-121,0.04
uniform400,0.1,gzip,r_PhI,50,0.16396706964023303,2.5433316789818494e-05,0.02
uniform400,0.1,gzip,r_PhIIa,50,-0.9996034602663988,1.0282700042939868e-184,0.04
uniform400,0.1,gzip,r_PhIIb,50,-0.9995546263990743,8.650690232223571e-186,0.06
uniform400,0.1,gzip,r_Rg,50,0.9975357292072483,2.616649681978021e-156,0.06
uniform400,0.1,gzip,r_NND,50,0.9815240741243396,8.971744205724879e-129,0.0
uniform400,0.1,gzip,r_Var,50,0.9897213886249197,8.6786058569585e-136,0.06
uniform400,0.1,lzma,r_PhI,50,0.4357237897343327,2.045538547961942e-14,0.04
uniform400,0.1,lzma,r_PhIIa,50,-0.999130906140607,7.3460645916419365e-168,0.06
uniform400,0.1,lzma,r_PhIIb,50,-0.9990001605292371,3.045023774603004e-171,0.04
uniform400,0.1,lzma,r_Rg,50,0.9977373402528155,2.0542327895773083e-156,0.04
uniform400,0.1,lzma,r_NND,50,0.9827662984269224,9.161941459786805e-124,0.02
uniform400,0.1,lzma,r_Var,50,0.9905789946847087,1.0241164151849692e-134,0.08
uniform400,0.1,none,r_PhI,50,0.0,,0.0
uniform400,0.1,none,r_PhIIa,50,0.0,,0.0
uniform400,0.1,none,r_PhIIb,50,0.0,,0.0
uniform400,0.1,none,r_Rg,50,0.0,,0.0
uniform400,0.1,none,r_NND,50,0.0,,0.0
uniform400,0.1,none,r_Var,50,0.0,,0.0
uniform400,0.1,zstd,r_PhI,50,0.12752127095188903,0.032347160160036206,0.04
uniform400,0.1,zstd,r_PhIIa,50,-0.999387529510621,3.5144248229043417e-175,0.04
uniform400,0.1,zstd,r_PhIIb,50,-0.9994453998642951,1.9690493351035143e-184,0.04
uniform400,0.1,zstd,r_Rg,50,0.9978783625244649,2.8828055249701492e-157,0.04
uniform400,0.1,zstd,r_NND,50,0.9827292344649671,4.927049497236215e-127,0.02
uniform400,0.1,zstd,r_Var,50,0.9906074264801493,9.175710806469194e-137,0.02
