ensemble,Î”x,compressor,metric,mean_boot,ci_low,ci_high,n
blobs40,0.001,bz2,r_PhI,0.2961557293094818,0.23333700780654543,0.35824099004358195,50
blobs40,0.001,bz2,r_PhIIa,-0.9874005530401968,-0.9885682885199335,-0.9862894066621046,50
blobs40,0.001,bz2,r_PhIIb,-0.9860283085845318,-0.9873381543857322,-0.9846806333995316,50
blobs40,0.001,bz2,r_Rg,0.9834660436151875,0.9816051099311482,0.9852096839977855,50
blobs40,0.001,bz2,r_NND,0.9677709332175738,0.9634977001217762,0.9714316572348849,50
blobs40,0.001,bz2,r_Var,0.968053370496106,0.96348765890843,0.9721151723172312,50
blobs40,0.001,gzip,r_PhI,0.40804224849829035,0.33046815595622353,0.48706769556390095,50
blobs40,0.001,gzip,r_PhIIa,-0.9931745523771234,-0.9938786746968494,-0.992427767312203,50
blobs40,0.001,gzip,r_PhIIb,-0.991885202598054,-0.9930778327811576,-0.9902691556768337,50
blobs40,0.001,gzip,r_Rg,0.9866816609617836,0.9847901494879838,0.9882903575408558,50
blobs40,0.001,gzip,r_NND,0.9684516926426737,0.963856555076261,0.9727996000470877,50
blobs40,0.001,gzip,r_Var,0.9689092605009055,0.9636150021260111,0.9733308126566284,50
blobs40,0.001,lzma,r_PhI,0.21957209064012853,0.13448933418858386,0.302717908194803,50
blobs40,0.001,lzma,r_PhIIa,-0.9852671800609383,-0.9877108206343267,-0.9819250004384291,50
blobs40,0.001,lzma,r_PhIIb,-0.9668672989526716,-0.9712988464079229,-0.9618502690221975,50
blobs40,0.001,lzma,r_Rg,0.9789390367862915,0.9757870412981569,0.9818160808450747,50
blobs40,0.001,lzma,r_NND,0.9610575798219724,0.9561020905492453,0.9655264567495225,50
blobs40,0.001,lzma,r_Var,0.9613706445508783,0.9557632230160614,0.9659899277881098,50
blobs40,0.001,none,r_PhI,0.0,0.0,0.0,50
blobs40,0.001,none,r_PhIIa,0.0,0.0,0.0,50
blobs40,0.001,none,r_PhIIb,0.0,0.0,0.0,50
blobs40,0.001,none,r_Rg,0.0,0.0,0.0,50
blobs40,0.001,none,r_NND,0.0,0.0,0.0,50
blobs40,0.001,none,r_Var,0.0,0.0,0.0,50
blobs40,0.001,zstd,r_PhI,0.19009575627518335,0.10201795600585797,0.26997054637645673,50
blobs40,0.001,zstd,r_PhIIa,-0.9939604008144866,-0.9944654811541451,-0.9934050071444852,50
blobs40,0.001,zstd,r_PhIIb,-0.9940071574678658,-0.9945364081706167,-0.9935016776334,50
blobs40,0.001,zstd,r_Rg,0.9875965604741139,0.9859700450797706,0.9889920430113821,50
blobs40,0.001,zstd,r_NND,0.9691954854433961,0.9647701096084905,0.9732797412153272,50
blobs40,0.001,zstd,r_Var,0.9699036651362078,0.965475217652536,0.9737573139447726,50
blobs40,0.01,bz2,r_PhI,0.2961557293094818,0.23602118128427838,0.3612144806205699,50
blobs40,0.01,bz2,r_PhIIa,-0.9745238908302958,-0.9767439405212245,-0.9723328869326499,50
blobs40,0.01,bz2,r_PhIIb,-0.974626455844837,-0.9767818246883381,-0.9723413329338739,50
blobs40,0.01,bz2,r_Rg,0.9696547448427857,0.9667502103688751,0.9724261755809527,50
blobs40,0.01,bz2,r_NND,0.9533160302388264,0.9481867185846086,0.9581314983599634,50
blobs40,0.01,bz2,r_Var,0.9535399054574499,0.9483304897248135,0.9586651466007254,50
blobs40,0.01,gzip,r_PhI,0.40804224849829035,0.32587751966147166,0.48288693399821386,50
blobs40,0.01,gzip,r_PhIIa,-0.9918789046049866,-0.9936391980508966,-0.9899895367785462,50
blobs40,0.01,gzip,r_PhIIb,-0.9910075752561249,-0.9927586188863677,-0.9890981020400802,50
blobs40,0.01,gzip,r_Rg,0.9891456194526763,0.9870934771898027,0.9910054008107793,50
blobs40,0.01,gzip,r_NND,0.9743407769131851,0.9700303647409496,0.9783955510647143,50
blobs40,0.01,gzip,r_Var,0.9747387673789195,0.9708269032354627,0.9787875635083603,50
blobs40,0.01,lzma,r_PhI,0.21957209064012853,0.13612527296992546,0.29545098617391014,50
blobs40,0.01,lzma,r_PhIIa,-0.9900871036206255,-0.9914156029226002,-0.9886416967301421,50
blobs40,0.01,lzma,r_PhIIb,-0.9840056833187778,-0.985573206541784,-0.9824898815667148,50
blobs40,0.01,lzma,r_Rg,0.9867983861176104,0.9848097992534094,0.9886889897289547,50
blobs40,0.01,lzma,r_NND,0.9716928370044016,0.9671996839079349,0.976001820170628,50
blobs40,0.01,lzma,r_Var,0.9718942794266223,0.9674657717691522,0.9763144567067816,50
blobs40,0.01,none,r_PhI,0.0,0.0,0.0,50
blobs40,0.01,none,r_PhIIa,0.0,0.0,0.0,50
blobs40,0.01,none,r_PhIIb,0.0,0.0,0.0,50
blobs40,0.01,none,r_Rg,0.0,0.0,0.0,50
blobs40,0.01,none,r_NND,0.0,0.0,0.0,50
blobs40,0.01,none,r_Var,0.0,0.0,0.0,50
blobs40,0.01,zstd,r_PhI,0.19009575627518335,0.1096950022692496,0.27068411055054514,50
blobs40,0.01,zstd,r_PhIIa,-0.9955660637279312,-0.9960396651995841,-0.9950877960398005,50
blobs40,0.01,zstd,r_PhIIb,-0.9955766281202,-0.996012400977685,-0.9950927539492206,50
blobs40,0.01,zstd,r_Rg,0.991558230217492,0.9902645314338363,0.9927767921314395,50
blobs40,0.01,zstd,r_NND,0.9754740279011626,0.9718499178972319,0.9790826346660857,50
blobs40,0.01,zstd,r_Var,0.9760282162657543,0.9721621048301523,0.9797402743748951,50
blobs40,0.1,bz2,r_PhI,0.2961557293094818,0.23253515594268578,0.35563515673071333,50
blobs40,0.1,bz2,r_PhIIa,-0.9933424291994626,-0.9939794032987183,-0.9926969283673532,50
blobs40,0.1,bz2,r_PhIIb,-0.9928204609738597,-0.9935629391487224,-0.9920067606690636,50
blobs40,0.1,bz2,r_Rg,0.9879280337291886,0.9859646915434895,0.9896773223597057,50
blobs40,0.1,bz2,r_NND,0.9707489837236344,0.9663254806190067,0.9748896376836375,50
blobs40,0.1,bz2,r_Var,0.9711794508856567,0.9655357802204778,0.9757302421404975,50
blobs40,0.1,gzip,r_PhI,0.40804224849829035,0.3247185641419217,0.48080916471722657,50
blobs40,0.1,gzip,r_PhIIa,-0.997423418318146,-0.9976968391299522,-0.9971161471015423,50
blobs40,0.1,gzip,r_PhIIb,-0.9968959749688854,-0.9972093209080116,-0.9965698000565378,50
blobs40,0.1,gzip,r_Rg,0.9910926652460854,0.9896243786098482,0.9923945402918108,50
blobs40,0.1,gzip,r_NND,0.9729463346426515,0.9687278959535719,0.976759225419586,50
blobs40,0.1,gzip,r_Var,0.973405885960584,0.9687423773019093,0.9775090385664114,50
blobs40,0.1,lzma,r_PhI,0.21957209064012853,0.1374423784209631,0.2970173496713577,50
blobs40,0.1,lzma,r_PhIIa,-0.985151272391364,-0.9870012588487107,-0.983237984245266,50
blobs40,0.1,lzma,r_PhIIb,-0.9805929422072769,-0.982305323294806,-0.978806735460868,50
blobs40,0.1,lzma,r_Rg,0.9787379644957762,0.9758840315601512,0.9816992718215578,50
blobs40,0.1,lzma,r_NND,0.9604686477091056,0.9546348195596043,0.9662621837227331,50
blobs40,0.1,lzma,r_Var,0.9611543433441845,0.9549532396784668,0.9669684376332521,50
blobs40,0.1,none,r_PhI,0.0,0.0,0.0,50
blobs40,0.1,none,r_PhIIa,0.0,0.0,0.0,50
blobs40,0.1,none,r_PhIIb,0.0,0.0,0.0,50
blobs40,0.1,none,r_Rg,0.0,0.0,0.0,50
blobs40,0.1,none,r_NND,0.0,0.0,0.0,50
blobs40,0.1,none,r_Var,0.0,0.0,0.0,50
blobs40,0.1,zstd,r_PhI,0.19009575627518335,0.10468256730401834,0.27221424936115524,50
blobs40,0.1,zstd,r_PhIIa,-0.9984003695940354,-0.9985844078591757,-0.9982112237803695,50
blobs40,0.1,zstd,r_PhIIb,-0.9979727021216075,-0.9981642892173758,-0.9977669025145743,50
blobs40,0.1,zstd,r_Rg,0.9909764787183046,0.989389775124463,0.9924172489454277,50
blobs40,0.1,zstd,r_NND,0.9717678188294336,0.9674781382949905,0.9760036921848644,50
blobs40,0.1,zstd,r_Var,0.9722912801727652,0.9674405681122934,0.976501120992215,50
lattice40,0.001,bz2,r_PhI,0.7291366903772771,0.7015411688306324,0.7567309753735181,50
lattice40,0.001,bz2,r_PhIIa,-0.9089190599733789,-0.9155687382698289,-0.9019525181047704,50
lattice40,0.001,bz2,r_PhIIb,-0.9044260237754955,-0.9115609937997804,-0.8969523757199974,50
lattice40,0.001,bz2,r_Rg,0.9030818029954021,0.8967598982910754,0.9091869104610708,50
lattice40,0.001,bz2,r_NND,0.8971207319319237,0.8906958702514594,0.9034055622630778,50
lattice40,0.001,bz2,r_Var,0.7858327773526942,0.7772416120593995,0.7943273392094933,50
lattice40,0.001,gzip,r_PhI,0.5555828020167738,0.5173543749798495,0.5943387304532681,50
lattice40,0.001,gzip,r_PhIIa,-0.8318259549078444,-0.839967750864402,-0.8237137329338756,50
lattice40,0.001,gzip,r_PhIIb,-0.8422810862579289,-0.8513085239306867,-0.8332631253394879,50
lattice40,0.001,gzip,r_Rg,0.9200287577567445,0.9127702440267008,0.9268042958500324,50
lattice40,0.001,gzip,r_NND,0.9162918286818964,0.9088998725699031,0.922784989584177,50
lattice40,0.001,gzip,r_Var,0.8407072521208224,0.8307018135144372,0.8510143819284335,50
lattice40,0.001,lzma,r_PhI,0.5331623242276329,0.4795483163529359,0.5821277431434334,50
lattice40,0.001,lzma,r_PhIIa,-0.9687825239014299,-0.972944133937492,-0.9637462753594905,50
lattice40,0.001,lzma,r_PhIIb,-0.9524061438517468,-0.9567905378631417,-0.9480644131374721,50
lattice40,0.001,lzma,r_Rg,0.7516061996184424,0.73965693280104,0.7627645922105054,50
lattice40,0.001,lzma,r_NND,0.7409423896282192,0.7289240457300662,0.752309441313114,50
lattice40,0.001,lzma,r_Var,0.5754573430410795,0.5603271861210316,0.5896480554627731,50
lattice40,0.001,none,r_PhI,0.0,0.0,0.0,50
lattice40,0.001,none,r_PhIIa,0.0,0.0,0.0,50
lattice40,0.001,none,r_PhIIb,0.0,0.0,0.0,50
lattice40,0.001,none,r_Rg,0.0,0.0,0.0,50
lattice40,0.001,none,r_NND,0.0,0.0,0.0,50
lattice40,0.001,none,r_Var,0.0,0.0,0.0,50
lattice40,0.001,zstd,r_PhI,0.1330010972816431,0.04581256050552061,0.22091095082109793,50
lattice40,0.001,zstd,r_PhIIa,-0.9724186230507901,-0.974742055208869,-0.9699527974425575,50
lattice40,0.001,zstd,r_PhIIb,-0.9724416984757737,-0.9748096679642527,-0.9699714667094326,50
lattice40,0.001,zstd,r_Rg,0.8488266647788352,0.8425633288733442,0.8548752079412937,50
lattice40,0.001,zstd,r_NND,0.8401162668300981,0.8333912222364865,0.8464189407079779,50
lattice40,0.001,zstd,r_Var,0.6912371996303754,0.6824798392962704,0.7001303581828576,50
lattice40,0.01,bz2,r_PhI,0.7291366903772771,0.7018546238828672,0.7554391256263846,50
lattice40,0.01,bz2,r_PhIIa,-0.9492703532676784,-0.9528057688293661,-0.9456470739598422,50
lattice40,0.01,bz2,r_PhIIb,-0.9507145178238035,-0.9541335256420003,-0.9474220125413898,50
lattice40,0.01,bz2,r_Rg,0.878748005681389,0.8737333030902146,0.8833174972943679,50
lattice40,0.01,bz2,r_NND,0.8712130811059231,0.8660404748659344,0.8759418718480467,50
lattice40,0.01,bz2,r_Var,0.737851062661035,0.7305000010132848,0.7453697110765789,50
lattice40,0.01,gzip,r_PhI,0.5555828020167738,0.5159372585751918,0.5938328819434697,50
lattice40,0.01,gzip,r_PhIIa,-0.9902720940330195,-0.9913218993798867,-0.9891953670984146,50
lattice40,0.01,gzip,r_PhIIb,-0.9878980659551222,-0.9889608331675867,-0.9868523228413941,50
lattice40,0.01,gzip,r_Rg,0.8083332910394522,0.8039441369872898,0.8127359677711039,50
lattice40,0.01,gzip,r_NND,0.7983098622073799,0.793904349674229,0.8026369956763252,50
lattice40,0.01,gzip,r_Var,0.6363683676952665,0.6304643771963264,0.6421425931656759,50
lattice40,0.01,lzma,r_PhI,0.5331623242276329,0.4818285344962102,0.580866678638295,50
lattice40,0.01,lzma,r_PhIIa,-0.8538901560460013,-0.8611108259437283,-0.8469160284714716,50
lattice40,0.01,lzma,r_PhIIb,-0.9359010719071508,-0.940299092079415,-0.931460167903759,50
lattice40,0.01,lzma,r_Rg,0.9399086099833829,0.9346575370574463,0.9454458009322861,50
lattice40,0.01,lzma,r_NND,0.9362037186383649,0.9308964759830266,0.941931947613605,50
lattice40,0.01,lzma,r_Var,0.8488972958150542,0.8401348944817087,0.8572799061385042,50
lattice40,0.01,none,r_PhI,0.0,0.0,0.0,50
lattice40,0.01,none,r_PhIIa,0.0,0.0,0.0,50
lattice40,0.01,none,r_PhIIb,0.0,0.0,0.0,50
lattice40,0.01,none,r_Rg,0.0,0.0,0.0,50
lattice40,0.01,none,r_NND,0.0,0.0,0.0,50
lattice40,0.01,none,r_Var,0.0,0.0,0.0,50
lattice40,0.01,zstd,r_PhI,0.1330010972816431,0.04423463352261195,0.21896674899162305,50
lattice40,0.01,zstd,r_PhIIa,-0.9870593966438054,-0.9884018838785915,-0.98564605406275,50
lattice40,0.01,zstd,r_PhIIb,-0.9875290396013852,-0.9887523648694824,-0.986305813974054,50
lattice40,0.01,zstd,r_Rg,0.8130501040376227,0.8085137908461976,0.8175381093770169,50
lattice40,0.01,zstd,r_NND,0.8032668331687906,0.7983357977323408,0.8079547231937388,50
lattice40,0.01,zstd,r_Var,0.6404576023148505,0.6347031478295112,0.6464664225090374,50
lattice40,0.1,bz2,r_PhI,0.7291366903772771,0.7007091820810321,0.7567506842466473,50
lattice40,0.1,bz2,r_PhIIa,-0.9547052377353644,-0.9579781969296354,-0.9513352145683912,50
lattice40,0.1,bz2,r_PhIIb,-0.9562678032915423,-0.9596655577924386,-0.9525532393753505,50
lattice40,0.1,bz2,r_Rg,0.8988590301909896,0.8941145326584027,0.9039345281084408,50
lattice40,0.1,bz2,r_NND,0.8915238481821639,0.8860999624933863,0.8968989946900918,50
lattice40,0.1,bz2,r_Var,0.7597590487918826,0.7516919913339467,0.7674111138168884,50
lattice40,0.1,gzip,r_PhI,0.5555828020167738,0.5184410716805112,0.5952888951317729,50
lattice40,0.1,gzip,r_PhIIa,-0.9568907983862676,-0.9596891085471131,-0.9539750270600866,50
lattice40,0.1,gzip,r_PhIIb,-0.9593083924216884,-0.9620458674062893,-0.9564977186850703,50
lattice40,0.1,gzip,r_Rg,0.9017852698233959,0.8972990978295434,0.906477861746668,50
lattice40,0.1,gzip,r_NND,0.8945002488587579,0.8895677059761028,0.8991520653862461,50
lattice40,0.1,gzip,r_Var,0.762574279591614,0.7562033850818942,0.7696989604113706,50
lattice40,0.1,lzma,r_PhI,0.5331623242276329,0.4775392923500347,0.5823241674231975,50
lattice40,0.1,lzma,r_PhIIa,-0.9852899786835269,-0.9869229005947822,-0.9835699783381401,50
lattice40,0.1,lzma,r_PhIIb,-0.988316144958924,-0.9893647426370983,-0.9871712396514796,50
lattice40,0.1,lzma,r_Rg,0.7306124313335498,0.7212546690392682,0.7405333263335103,50
lattice40,0.1,lzma,r_NND,0.719076376195969,0.7087405585693101,0.7290380199942932,50
lattice40,0.1,lzma,r_Var,0.5434771756798573,0.5320150513934676,0.5557181462510276,50
lattice40,0.1,none,r_PhI,0.0,0.0,0.0,50
lattice40,0.1,none,r_PhIIa,0.0,0.0,0.0,50
lattice40,0.1,none,r_PhIIb,0.0,0.0,0.0,50
lattice40,0.1,none,r_Rg,0.0,0.0,0.0,50
lattice40,0.1,none,r_NND,0.0,0.0,0.0,50
lattice40,0.1,none,r_Var,0.0,0.0,0.0,50
lattice40,0.1,zstd,r_PhI,0.1330010972816431,0.043289734020188944,0.21992866507114872,50
lattice40,0.1,zstd,r_PhIIa,-0.9570184310922736,-0.9601058560747566,-0.9537172071310894,50
lattice40,0.1,zstd,r_PhIIb,-0.9474085473392673,-0.9516183519343964,-0.9429495539861739,50
lattice40,0.1,zstd,r_Rg,0.8906283012951635,0.8853100765569045,0.8958466469100469,50
lattice40,0.1,zstd,r_NND,0.8830744739416728,0.8773361798318754,0.8885747428900942,50
lattice40,0.1,zstd,r_Var,0.7479717013631046,0.7394365596376741,0.7567636465272402,50
uniform40,0.001,bz2,r_PhI,0.3235941780148632,0.2624793158024099,0.382464136944287,50
uniform40,0.001,bz2,r_PhIIa,-0.9579468579886478,-0.9615862296304513,-0.9539292534472238,50
uniform40,0.001,bz2,r_PhIIb,-0.9574031590161401,-0.9608697797718565,-0.953503983082658,50
uniform40,0.001,bz2,r_Rg,0.8987944731050795,0.8922688402933389,0.9051712303698727,50
uniform40,0.001,bz2,r_NND,0.8693811925418268,0.8614047179873406,0.8771173517313015,50
uniform40,0.001,bz2,r_Var,0.7512628815724659,0.7409603380448122,0.7608586007864654,50
uniform40,0.001,gzip,r_PhI,0.4281328138323065,0.3677925884639539,0.4844310175614743,50
uniform40,0.001,gzip,r_PhIIa,-0.9458916979610124,-0.9507020586709108,-0.9405634934299435,50
uniform40,0.001,gzip,r_PhIIb,-0.947809211297987,-0.9525981292264328,-0.9431033053389207,50
uniform40,0.001,gzip,r_Rg,0.8341283980163403,0.8221522369418031,0.8456495544828664,50
uniform40,0.001,gzip,r_NND,0.8012132929690263,0.788173249889861,0.8137329484972412,50
uniform40,0.001,gzip,r_Var,0.6679196786096054,0.650973730009013,0.6841309024361028,50
uniform40,0.001,lzma,r_PhI,0.4293615701947547,0.36206252557738117,0.4883447901247162,50
uniform40,0.001,lzma,r_PhIIa,-0.9707640083950857,-0.9749328460193277,-0.9656577306960675,50
uniform40,0.001,lzma,r_PhIIb,-0.9620016048209244,-0.9659548171464288,-0.9578731721416387,50
uniform40,0.001,lzma,r_Rg,0.7737410225672273,0.759382669287457,0.7878073066798268,50
uniform40,0.001,lzma,r_NND,0.7302414877239012,0.7146959462192201,0.7453024816409004,50
uniform40,0.001,lzma,r_Var,0.5777019213522069,0.5595552451103836,0.5960687030697402,50
uniform40,0.001,none,r_PhI,0.0,0.0,0.0,50
uniform40,0.001,none,r_PhIIa,0.0,0.0,0.0,50
uniform40,0.001,none,r_PhIIb,0.0,0.0,0.0,50
uniform40,0.001,none,r_Rg,0.0,0.0,0.0,50
uniform40,0.001,none,r_NND,0.0,0.0,0.0,50
uniform40,0.001,none,r_Var,0.0,0.0,0.0,50
uniform40,0.001,zstd,r_PhI,0.20385050236602276,0.1254668442395278,0.2839406557311435,50
uniform40,0.001,zstd,r_PhIIa,-0.9880152493056842,-0.989390450342822,-0.9863915562885496,50
uniform40,0.001,zstd,r_PhIIb,-0.9888007796091128,-0.9899538737627794,-0.9875879175149695,50
uniform40,0.001,zstd,r_Rg,0.8486845879484645,0.8422052634997376,0.8556294582285344,50
uniform40,0.001,zstd,r_NND,0.8108670440803284,0.8043404223546288,0.8177654326021712,50
uniform40,0.001,zstd,r_Var,0.6696253711522282,0.6607363556992347,0.6792045858039811,50
uniform40,0.01,bz2,r_PhI,0.3235941780148632,0.2629918223684033,0.38521134254781597,50
uniform40,0.01,bz2,r_PhIIa,-0.9534961910940696,-0.956963351713429,-0.9500629871735591,50
uniform40,0.01,bz2,r_PhIIb,-0.9528962061388019,-0.9558976155602179,-0.9497192223820832,50
uniform40,0.01,bz2,r_Rg,0.9064866982182561,0.9005461293740354,0.9122367053497632,50
uniform40,0.01,bz2,r_NND,0.8782766906882926,0.8706966138593056,0.885517088842484,50
uniform40,0.01,bz2,r_Var,0.7627390659487199,0.7537851048891947,0.7718070980234186,50
uniform40,0.01,gzip,r_PhI,0.4281328138323065,0.36372860755275027,0.48876471693268747,50
uniform40,0.01,gzip,r_PhIIa,-0.9807287302458566,-0.9825504865577122,-0.9789684306652408,50
uniform40,0.01,gzip,r_PhIIb,-0.9786653560964413,-0.980913844646586,-0.9762657417062622,50
uniform40,0.01,gzip,r_Rg,0.8852992886083156,0.8804989972213982,0.8903642322902118,50
uniform40,0.01,gzip,r_NND,0.8514213895569285,0.8463426255562468,0.8567439029378744,50
uniform40,0.01,gzip,r_Var,0.7242437440582907,0.7171702924715466,0.7314485530266996,50
uniform40,0.01,lzma,r_PhI,0.4293615701947547,0.3615422877835579,0.49060520524007,50
uniform40,0.01,lzma,r_PhIIa,-0.9549991691622369,-0.9585075574995768,-0.9511288887045385,50
uniform40,0.01,lzma,r_PhIIb,-0.9504885518556283,-0.9536664922463909,-0.947239012790748,50
uniform40,0.01,lzma,r_Rg,0.9286976570445052,0.9239075474534255,0.9334642007598896,50
uniform40,0.01,lzma,r_NND,0.902591352689517,0.8967027961824151,0.9077666917163788,50
uniform40,0.01,lzma,r_Var,0.7928961439549278,0.7851631266787705,0.8006361817606485,50
uniform40,0.01,none,r_PhI,0.0,0.0,0.0,50
uniform40,0.01,none,r_PhIIa,0.0,0.0,0.0,50
uniform40,0.01,none,r_PhIIb,0.0,0.0,0.0,50
uniform40,0.01,none,r_Rg,0.0,0.0,0.0,50
uniform40,0.01,none,r_NND,0.0,0.0,0.0,50
uniform40,0.01,none,r_Var,0.0,0.0,0.0,50
uniform40,0.01,zstd,r_PhI,0.20385050236602276,0.12492523739374338,0.282870680232099,50
uniform40,0.01,zstd,r_PhIIa,-0.9908716207140145,-0.9917108465766185,-0.9899210376376139,50
uniform40,0.01,zstd,r_PhIIb,-0.9906262533693065,-0.9915893365310489,-0.9895586269093491,50
uniform40,0.01,zstd,r_Rg,0.8504351722661987,0.8450230359080406,0.856383522940199,50
uniform40,0.01,zstd,r_NND,0.8116808938943627,0.8063315466470076,0.8178036334838391,50
uniform40,0.01,zstd,r_Var,0.6731244546085203,0.6657962125524047,0.6810173636437296,50
uniform40,0.1,bz2,r_PhI,0.3235941780148632,0.2619226945837854,0.38209192146293397,50
uniform40,0.1,bz2,r_PhIIa,-0.9896657679535581,-0.9906301375203169,-0.9886136833713571,50
uniform40,0.1,bz2,r_PhIIb,-0.9894519542555312,-0.9904699723392634,-0.988440564306754,50
uniform40,0.1,bz2,r_Rg,0.8537091812787372,0.8470035695740173,0.8598931807540666,50
uniform40,0.1,bz2,r_NND,0.8160177013754756,0.8089579397408805,0.8225133100508137,50
uniform40,0.1,bz2,r_Var,0.6753514355903856,0.6661057963241709,0.6840547417687087,50
uniform40,0.1,gzip,r_PhI,0.4281328138323065,0.36275234442803866,0.48974112180542484,50
uniform40,0.1,gzip,r_PhIIa,-0.9893519542498556,-0.9904695704012706,-0.9881810164148644,50
uniform40,0.1,gzip,r_PhIIb,-0.988190415040525,-0.9891857271824942,-0.9872235301587209,50
uniform40,0.1,gzip,r_Rg,0.8717759053815489,0.8663699796405905,0.8770903055792726,50
uniform40,0.1,gzip,r_NND,0.835699112562796,0.8298358790369533,0.8416243121226089,50
uniform40,0.1,gzip,r_Var,0.7007742301551034,0.6932281151953417,0.7085433800973775,50
uniform40,0.1,lzma,r_PhI,0.4293615701947547,0.3632835331827282,0.48793394842739,50
uniform40,0.1,lzma,r_PhIIa,-0.9775480961076556,-0.9795834327565127,-0.9752010219272566,50
uniform40,0.1,lzma,r_PhIIb,-0.9728008450106074,-0.9753518960053171,-0.9702410995057661,50
uniform40,0.1,lzma,r_Rg,0.792859029267343,0.7815375660356529,0.8041209302268068,50
uniform40,0.1,lzma,r_NND,0.7507897601237103,0.7391601433561326,0.7622263874153791,50
uniform40,0.1,lzma,r_Var,0.5999216368013911,0.5852581652687051,0.6145604063672819,50
uniform40,0.1,none,r_PhI,0.0,0.0,0.0,50
uniform40,0.1,none,r_PhIIa,0.0,0.0,0.0,50
uniform40,0.1,none,r_PhIIb,0.0,0.0,0.0,50
uniform40,0.1,none,r_Rg,0.0,0.0,0.0,50
uniform40,0.1,none,r_NND,0.0,0.0,0.0,50
uniform40,0.1,none,r_Var,0.0,0.0,0.0,50
uniform40,0.1,zstd,r_PhI,0.20385050236602276,0.11883038305511504,0.2787020110444861,50
uniform40,0.1,zstd,r_PhIIa,-0.9953120105979558,-0.9963221928206272,-0.9940462155607237,50
uniform40,0.1,zstd,r_PhIIb,-0.9943084469360228,-0.9953816015026549,-0.9930846154950943,50
uniform40,0.1,zstd,r_Rg,0.8324081466626678,0.8260518803629615,0.8389415450029353,50
uniform40,0.1,zstd,r_NND,0.7920531173532588,0.7857042429464318,0.7990058026052477,50
uniform40,0.1,zstd,r_Var,0.6438922820396894,0.6359998995946318,0.6524957991480161,50
uniform400,0.001,bz2,r_PhI,0.13889770127881354,0.06918390030127752,0.20952458328471207,50
uniform400,0.001,bz2,r_PhIIa,-0.998855312662879,-0.9989598885000522,-0.9987417031271858,50
uniform400,0.001,bz2,r_PhIIb,-0.9989393263844962,-0.9990086452242843,-0.9988641070236992,50
uniform400,0.001,bz2,r_Rg,0.9964774190738553,0.9961945041378181,0.9967587221418792,50
uniform400,0.001,bz2,r_NND,0.9799991073455473,0.9791050005764474,0.9809129790836554,50
uniform400,0.001,bz2,r_Var,0.988365762685268,0.9877245474233829,0.9890138506519001,50
uniform400,0.001,gzip,r_PhI,0.16396706964023303,0.09658614289543349,0.2295916988720586,50
uniform400,0.001,gzip,r_PhIIa,-0.9995863753779153,-0.9996203581516621,-0.9995488114193949,50
uniform400,0.001,gzip,r_PhIIb,-0.9996037244468079,-0.9996443609364297,-0.9995653232418799,50
uniform400,0.001,gzip,r_Rg,0.9975109393003295,0.9973334854191853,0.9976982482145748,50
uniform400,0.001,gzip,r_NND,0.9814684938858284,0.9806940697277794,0.9822241691508281,50
uniform400,0.001,gzip,r_Var,0.9896901575464984,0.9892088459086095,0.9901790418014156,50
uniform400,0.001,lzma,r_PhI,0.4357237897343327,0.35825962449052406,0.5136418043659579,50
uniform400,0.001,lzma,r_PhIIa,-0.998264757247097,-0.9992029790408253,-0.9967103449772929,50
uniform400,0.001,lzma,r_PhIIb,-0.9985297273855906,-0.9989337898855702,-0.9979844155002394,50
uniform400,0.001,lzma,r_Rg,0.9951691135794668,0.9932395941732735,0.9963467694921319,50
uniform400,0.001,lzma,r_NND,0.9775375973559025,0.9749859673927058,0.9793257609987565,50
uniform400,0.001,lzma,r_Var,0.9863659627444851,0.9841332951643383,0.9879224741335596,50
uniform400,0.001,none,r_PhI,0.0,0.0,0.0,50
uniform400,0.001,none,r_PhIIa,0.0,0.0,0.0,50
uniform400,0.001,none,r_PhIIb,0.0,0.0,0.0,50
uniform400,0.001,none,r_Rg,0.0,0.0,0.0,50
uniform400,0.001,none,r_NND,0.0,0.0,0.0,50
uniform400,0.001,none,r_Var,0.0,0.0,0.0,50
uniform400,0.001,zstd,r_PhI,0.12752127095188903,0.00985215964098222,0.24043048168517658,50
uniform400,0.001,zstd,r_PhIIa,-0.9995915336037097,-0.9996226687735545,-0.9995576873007819,50
uniform400,0.001,zstd,r_PhIIb,-0.9995920407999159,-0.9996262417096848,-0.9995553853748012,50
uniform400,0.001,zstd,r_Rg,0.996529372612207,0.9963220301667544,0.9967374984275571,50
uniform400,0.001,zstd,r_NND,0.9789268931509733,0.9782077975699133,0.9796960900121681,50
uniform400,0.001,zstd,r_Var,0.9877500199932956,0.987232092165459,0.9882740792948683,50
uniform400,0.01,bz2,r_PhI,0.13889770127881354,0.06323137273130622,0.20971486511248316,50
uniform400,0.01,bz2,r_PhIIa,-0.997896417433748,-0.9981226604028718,-0.997671838608872,50
uniform400,0.01,bz2,r_PhIIb,-0.997919181843273,-0.9981134956396027,-0.9977095218702906,50
uniform400,0.01,bz2,r_Rg,0.9963196521842971,0.9960041128768569,0.9966085676359379,50
uniform400,0.01,bz2,r_NND,0.9810886197725401,0.9802311853327533,0.9819233923070702,50
uniform400,0.01,bz2,r_Var,0.9889934908227798,0.9883562446915055,0.989619000547497,50
uniform400,0.01,gzip,r_PhI,0.16396706964023303,0.09328526824337384,0.2285690695559481,50
uniform400,0.01,gzip,r_PhIIa,-0.9997527203434495,-0.9997725206636405,-0.9997311875462437,50
uniform400,0.01,gzip,r_PhIIb,-0.9997281382138301,-0.9997509789920258,-0.9997042350317185,50
uniform400,0.01,gzip,r_Rg,0.9976408129774376,0.9975194907170972,0.9977665398418156,50
uniform400,0.01,gzip,r_NND,0.9815539397621964,0.9808631800048166,0.9822232554735042,50
uniform400,0.01,gzip,r_Var,0.9897817786372519,0.9893427864503878,0.9902105237105822,50
uniform400,0.01,lzma,r_PhI,0.4357237897343327,0.35394211598539377,0.5156532763831068,50
uniform400,0.01,lzma,r_PhIIa,-0.9995200584767597,-0.9995606394979566,-0.9994776310148319,50
uniform400,0.01,lzma,r_PhIIb,-0.9995072161004672,-0.9995467732368101,-0.999469181850028,50
uniform400,0.01,lzma,r_Rg,0.9971625582378755,0.9970017461260564,0.9973220266003725,50
uniform400,0.01,lzma,r_NND,0.9806768782703493,0.9799505967885409,0.9813781606643927,50
uniform400,0.01,lzma,r_Var,0.9890675555191315,0.9885924941307673,0.9895088950289771,50
uniform400,0.01,none,r_PhI,0.0,0.0,0.0,50
uniform400,0.01,none,r_PhIIa,0.0,0.0,0.0,50
uniform400,0.01,none,r_PhIIb,0.0,0.0,0.0,50
uniform400,0.01,none,r_Rg,0.0,0.0,0.0,50
uniform400,0.01,none,r_NND,0.0,0.0,0.0,50
uniform400,0.01,none,r_Var,0.0,0.0,0.0,50
uniform400,0.01,zstd,r_PhI,0.12752127095188903,0.008573408678534788,0.23605278603270255,50
uniform400,0.01,zstd,r_PhIIa,-0.999574325567484,-0.9996316112418575,-0.9995161013997069,50
uniform400,0.01,zstd,r_PhIIb,-0.9995527211817816,-0.9996071522270277,-0.999497661731595,50
uniform400,0.01,zstd,r_Rg,0.9975507320259589,0.9973998963447571,0.9976915900083562,50
uniform400,0.01,zstd,r_NND,0.9815802858218591,0.9808811905105724,0.9822843023262586,50
uniform400,0.01,zstd,r_Var,0.989779532853749,0.9893438247739801,0.990190254086822,50
uniform400,0.1,bz2,r_PhI,0.13889770127881354,0.06417716333245814,0.21414352973567938,50
uniform400,0.1,bz2,r_PhIIa,-0.9980552993753503,-0.9982753233928089,-0.9978026677526916,50
uniform400,0.1,bz2,r_PhIIb,-0.9980901463252274,-0.9983074281750142,-0.9978676247715262,50
uniform400,0.1,bz2,r_Rg,0.9962025633847876,0.9957531615907325,0.9966738307091506,50
uniform400,0.1,bz2,r_NND,0.9805087913650102,0.9790689008419374,0.9818998894432163,50
uniform400,0.1,bz2,r_Var,0.9886049758912334,0.9876093034756175,0.9895330976135578,50
uniform400,0.1,gzip,r_PhI,0.16396706964023303,0.09329499115786061,0.23171168744804804,50
uniform400,0.1,gzip,r_PhIIa,-0.9996034602663988,-0.999651363333679,-0.9995512547919329,50
uniform400,0.1,gzip,r_PhIIb,-0.9995546263990743,-0.9995995257293214,-0.9995055802000448,50
uniform400,0.1,gzip,r_Rg,0.9975357292072483,0.9973392923553999,0.9977134349614806,50
uniform400,0.1,gzip,r_NND,0.9815240741243396,0.9808249354708087,0.9822176802492033,50
uniform400,0.1,gzip,r_Var,0.9897213886249197,0.9892150551046741,0.9902118986542853,50
uniform400,0.1,lzma,r_PhI,0.4357237897343327,0.3519636156361588,0.5104563427679216,50
uniform400,0.1,lzma,r_PhIIa,-0.999130906140607,-0.999234971594469,-0.9990171659312822,50
uniform400,0.1,lzma,r_PhIIb,-0.9990001605292371,-0.9990918369492591,-0.9988961982086015,50
uniform400,0.1,lzma,r_Rg,0.9977373402528155,0.9975420956923605,0.9979202928471931,50
uniform400,0.1,lzma,r_NND,0.9827662984269224,0.981899002769764,0.9836420934179967,50
uniform400,0.1,lzma,r_Var,0.9905789946847087,0.9900443790603006,0.9910775594395849,50
uniform400,0.1,none,r_PhI,0.0,0.0,0.0,50
uniform400,0.1,none,r_PhIIa,0.0,0.0,0.0,50
uniform400,0.1,none,r_PhIIb,0.0,0.0,0.0,50
uniform400,0.1,none,r_Rg,0.0,0.0,0.0,50
uniform400,0.1,none,r_NND,0.0,0.0,0.0,50
uniform400,0.1,none,r_Var,0.0,0.0,0.0,50
uniform400,0.1,zstd,r_PhI,0.12752127095188903,0.016423924545575494,0.239895593709058,50
uniform400,0.1,zstd,r_PhIIa,-0.999387529510621,-0.9994623519064696,-0.9993046195823945,50
uniform400,0.1,zstd,r_PhIIb,-0.9994453998642951,-0.9994957435074264,-0.9993927468082335,50
uniform400,0.1,zstd,r_Rg,0.9978783625244649,0.9976797582596751,0.9980574758340621,50
uniform400,0.1,zstd,r_NND,0.9827292344649671,0.9819585258704578,0.9834758459116933,50
uniform400,0.1,zstd,r_Var,0.9906074264801493,0.9901023829980509,0.9910650820954854,50
